Session_ID,Level_Number,Timestamp,User_Preference,Theme_Name,Layout_Style,Corridor_Width,Room_Density,Enemy_Density,Enemy_Type,Difficulty,Trap_Probability,Visibility,Reward_Density,LLM_Model,Adaptation_Rationale
session_1786602649354,1,2026-08-13 12:02:06,"You are an expert AI Dungeon Master & Closed-Loop PCG Research Director.

Player Performance Telemetry for Level 1:
- Clear Time: 55.1 seconds
- Segment Times: []
- Damage Taken: 60 HP
- Health Remaining: 70 HP
- Deaths / Retries: 0
- Enemies Killed: 0 / 2
- Chests Opened: 7 / 51
- Traps Triggered: 4
- Exploration %: 100.0%

User Target Preference: ""Add more puzzle traps and hidden corridors""

Current Level PCG Config:
{
  ""theme_name"": ""Obsidian Abyss"",
  ""theme"": ""dark"",
  ""palette"": {
    ""background"": ""#000000"",
    ""wall"": ""#0A0A0A"",
    ""floor"": ""#1A1A1A"",
    ""corridor"": ""#2A2A2A"",
    ""door"": ""#3A3A3A"",
    ""trap"": ""#FF0000"",
    ""enemy"": ""#990000"",
    ""chest"": ""#FFD700"",
    ""start"": ""#00FF00"",
    ""exit"": ""#FF00FF"",
    ""fog"": ""#330000""
  },
  ""map_width"": 80,
  ""map_height"": 80,
  ""layout_style"": ""corridor-heavy"",
  ""corridor_width"": 1,
  ""room_density"": 0.2,
  ""enemy_density"": 0.5,
  ""enemy_type"": ""ambush"",
  ""difficulty"": 0.9,
  ""trap_probability"": 0.5,
  ""visibility"": ""low"",
  ""reward_density"": 0.3,
  ""seed"": 658572
}

Task:
Analyze the player's playstyle and skill rating based on the telemetry and user request.
If the player cleared the level quickly with minimal damage, but wants a harder game (or balanced), make the next level SUBSTANTIALLY harder (higher difficulty, ambush enemies, higher enemy_density, narrower corridors, low visibility, more traps).
If the player died repeatedly or struggled, balance difficulty to avoid frustration while keeping the challenge engaging.

Return ONLY raw JSON in this EXACT structure (no markdown, no code blocks):
{
  ""playstyle_assessment"": ""<Brief assessment of player, e.g., 'Aggressive Speedrunner' or 'Cautious Explorer' or 'Struggling Fighter'>"",
  ""adaptation_rationale"": ""<2-3 sentence AI Director explanation of why parameters were changed based on metrics and user request>"",
  ""next_config"": {
    ""theme"": ""dark"",
    ""layout_style"": ""room-heavy"" | ""corridor-heavy"" | ""balanced"",
    ""corridor_width"": 1-3,
    ""room_density"": 0.1-0.9,
    ""enemy_density"": 0.05-0.5,
    ""enemy_type"": ""ambush"" | ""patrol"" | ""roaming"",
    ""difficulty"": 0.0-1.0,
    ""trap_probability"": 0.0-0.5,
    ""visibility"": ""low"" | ""normal"",
    ""reward_density"": 0.05-0.4
  }
}
",Dark Obsidian,room-heavy,2,0.30,0.40,roaming,0.95,0.50,low,0.30,deepseek/deepseek-chat,"Player cleared the level quickly with minimal damage and requested more puzzle traps and hidden corridors. Increased difficulty and trap probability to challenge their efficiency while aligning with their preference for more complex environmental interactions. Narrative Degrade: 'Act II: The Corrupted Abyss' - Dark void magic erodes the sanctuary pillars, spawning dimensional rifts. [Asymmetric Dual-Path Route Activated] [Dungeon expanded room networks to challenge cautious exploration.]"
session_1786602649354,2,2026-08-13 12:02:35,"You are an expert AI Dungeon Master & Closed-Loop PCG Research Director.

Player Performance Telemetry for Level 2:
- Clear Time: 17.5 seconds
- Segment Times: []
- Damage Taken: 60 HP
- Health Remaining: 85 HP
- Deaths / Retries: 0
- Enemies Killed: 0 / 20
- Chests Opened: 2 / 142
- Traps Triggered: 2
- Exploration %: 30.9%

User Target Preference: ""Spawn dense ambush monster hordes""

Current Level PCG Config:
{
  ""theme"": ""dark"",
  ""layout_style"": ""room-heavy"",
  ""corridor_width"": 2,
  ""room_density"": 0.30000000000000004,
  ""enemy_density"": 0.4,
  ""enemy_type"": ""roaming"",
  ""difficulty"": 0.95,
  ""trap_probability"": 0.5,
  ""visibility"": ""low"",
  ""reward_density"": 0.3,
  ""seed"": 726163
}

Task:
Analyze the player's playstyle and skill rating based on the telemetry and user request.
If the player cleared the level quickly with minimal damage, but wants a harder game (or balanced), make the next level SUBSTANTIALLY harder (higher difficulty, ambush enemies, higher enemy_density, narrower corridors, low visibility, more traps).
If the player died repeatedly or struggled, balance difficulty to avoid frustration while keeping the challenge engaging.

Return ONLY raw JSON in this EXACT structure (no markdown, no code blocks):
{
  ""playstyle_assessment"": ""<Brief assessment of player, e.g., 'Aggressive Speedrunner' or 'Cautious Explorer' or 'Struggling Fighter'>"",
  ""adaptation_rationale"": ""<2-3 sentence AI Director explanation of why parameters were changed based on metrics and user request>"",
  ""next_config"": {
    ""theme"": ""dark"",
    ""layout_style"": ""room-heavy"" | ""corridor-heavy"" | ""balanced"",
    ""corridor_width"": 1-3,
    ""room_density"": 0.1-0.9,
    ""enemy_density"": 0.05-0.5,
    ""enemy_type"": ""ambush"" | ""patrol"" | ""roaming"",
    ""difficulty"": 0.0-1.0,
    ""trap_probability"": 0.0-0.5,
    ""visibility"": ""low"" | ""normal"",
    ""reward_density"": 0.05-0.4
  }
}
",Dark Obsidian,room-heavy,2,0.90,0.50,ambush,1.00,0.50,low,0.30,deepseek/deepseek-chat,"Player cleared the level quickly with minimal combat engagement (0/20 kills) but triggered traps and explored little, suggesting avoidance tactics. Explicit request for dense ambush hordes warrants extreme difficulty spike with room confinement and limited visibility to force engagement. Narrative Degrade: 'Act III: The Blood Magma Core' - Molten lava breaches the lower chambers as architectural stability collapses. [Asymmetric Dual-Path Route Activated] [Dungeon dynamically recalibrated enemy patrol routes.]"
session_1786602649354,3,2026-08-13 12:03:10,"You are an expert AI Dungeon Master & Closed-Loop PCG Research Director.

Player Performance Telemetry for Level 3:
- Clear Time: 23.1 seconds
- Segment Times: []
- Damage Taken: 140 HP
- Health Remaining: 45 HP
- Deaths / Retries: 0
- Enemies Killed: 3 / 88
- Chests Opened: 5 / 324
- Traps Triggered: 8
- Exploration %: 33.8%

User Target Preference: ""Make the game much harder! I had it too easy!""

Current Level PCG Config:
{
  ""theme"": ""dark"",
  ""layout_style"": ""room-heavy"",
  ""corridor_width"": 2,
  ""room_density"": 0.9,
  ""enemy_density"": 0.5,
  ""enemy_type"": ""ambush"",
  ""difficulty"": 1,
  ""trap_probability"": 0.5,
  ""visibility"": ""low"",
  ""reward_density"": 0.3,
  ""seed"": 754623
}

Task:
Analyze the player's playstyle and skill rating based on the telemetry and user request.
If the player cleared the level quickly with minimal damage, but wants a harder game (or balanced), make the next level SUBSTANTIALLY harder (higher difficulty, ambush enemies, higher enemy_density, narrower corridors, low visibility, more traps).
If the player died repeatedly or struggled, balance difficulty to avoid frustration while keeping the challenge engaging.

Return ONLY raw JSON in this EXACT structure (no markdown, no code blocks):
{
  ""playstyle_assessment"": ""<Brief assessment of player, e.g., 'Aggressive Speedrunner' or 'Cautious Explorer' or 'Struggling Fighter'>"",
  ""adaptation_rationale"": ""<2-3 sentence AI Director explanation of why parameters were changed based on metrics and user request>"",
  ""next_config"": {
    ""theme"": ""dark"",
    ""layout_style"": ""room-heavy"" | ""corridor-heavy"" | ""balanced"",
    ""corridor_width"": 1-3,
    ""room_density"": 0.1-0.9,
    ""enemy_density"": 0.05-0.5,
    ""enemy_type"": ""ambush"" | ""patrol"" | ""roaming"",
    ""difficulty"": 0.0-1.0,
    ""trap_probability"": 0.0-0.5,
    ""visibility"": ""low"" | ""normal"",
    ""reward_density"": 0.05-0.4
  }
}
",Dark Obsidian,room-heavy,2,0.90,0.50,ambush,0.90,0.50,low,0.10,deepseek/deepseek-chat,"Player cleared the level quickly with minimal damage and explicitly requested a harder challenge. Metrics show low exploration, high trap triggers, and minimal enemy engagement, suggesting a rush-through playstyle. Parameters are adjusted to force tactical engagement and punish recklessness. Narrative Degrade: 'Act IV: The Void Citadel' - Total reality collapse. Corridors morph into spatial anomaly traps. [Asymmetric Dual-Path Route Activated] [Dungeon dynamically recalibrated enemy patrol routes.]"
